Mac= AC233FA229DB , TimeStamp= 2021-01-21T14:50:16Z , 0.01953125 , 0.0 , 0.98828125  , -0.98046875 , 0.8 , -0.01171875
Mac= AC233FA229DB , TimeStamp= 2021-01-21T14:50:16Z , 0.01953125 , 0.0 , 0.98828125  , -0.784375 , 0.6400000000000001 , -0.009375000000000022
Mac= AC233FA229DB , TimeStamp= 2021-01-21T14:50:23Z , 0.01953125 , 0.0 , 0.9765625  , -0.98046875 , 0.8 , -0.0234375
Mac= AC233FA229DB , TimeStamp= 2021-01-21T14:50:23Z , 0.01953125 , 0.0 , 0.9765625  , -0.784375 , 0.6400000000000001 , -0.018750000000000044
Mac= AC233FA229DB , TimeStamp= 2021-01-21T14:50:24Z , 0.01953125 , 0.0 , 0.9765625  , -0.98046875 , 0.8 , -0.0234375
Mac= AC233FA229DB , TimeStamp= 2021-01-21T14:50:24Z , 0.01953125 , 0.0 , 0.9765625  , -0.784375 , 0.6400000000000001 , -0.018750000000000044
Mac= AC233FA229DB , TimeStamp= 2021-01-21T14:50:25Z , 0.01953125 , 0.0078125 , 0.9765625  , -0.98046875 , 0.8015625000000001 , -0.0234375
Mac= AC233FA229DB , TimeStamp= 2021-01-21T14:50:25Z , 0.01953125 , 0.0078125 , 0.9765625  , -0.784375 , 0.6428125000000001 , -0.018750000000000044
Mac= AC233FA229DB , TimeStamp= 2021-01-21T14:50:26Z , 0.01953125 , 0.0078125 , 0.98828125  , -0.98046875 , 0.8015625000000001 , -0.01171875
Mac= AC233FA229DB , TimeStamp= 2021-01-21T14:50:26Z , 0.01953125 , 0.0078125 , 0.98828125  , -0.784375 , 0.6428125000000001 , -0.009375000000000022
Mac= AC233FA229DB , TimeStamp= 2021-01-21T14:50:27Z , 0.0078125 , 0.0 , 0.9765625  , -0.9921875 , 0.8 , -0.0234375
Mac= AC233FA229DB , TimeStamp= 2021-01-21T14:50:27Z , 0.0078125 , 0.0 , 0.9765625  , -0.7937500000000001 , 0.6400000000000001 , -0.018750000000000044
Mac= AC233FA229DB , TimeStamp= 2021-01-21T14:50:28Z , 0.01953125 , 0.0078125 , 0.9765625  , -0.98046875 , 0.8015625000000001 , -0.0234375
Mac= AC233FA229DB , TimeStamp= 2021-01-21T14:50:28Z , 0.01953125 , 0.0078125 , 0.9765625  , -0.784375 , 0.6428125000000001 , -0.018750000000000044
Mac= AC233FA229DB , TimeStamp= 2021-01-21T14:50:29Z , 0.0078125 , 0.0 , 0.9765625  , -0.9921875 , 0.8 , -0.0234375
Mac= AC233FA229DB , TimeStamp= 2021-01-21T14:50:29Z , 0.0078125 , 0.0 , 0.9765625  , -0.7937500000000001 , 0.6400000000000001 , -0.018750000000000044
Mac= AC233FA229DB , TimeStamp= 2021-01-21T14:50:30Z , 0.0078125 , 0.0078125 , 0.9765625  , -0.9921875 , 0.8015625000000001 , -0.0234375
Mac= AC233FA229DB , TimeStamp= 2021-01-21T14:50:30Z , 0.0078125 , 0.0078125 , 0.9765625  , -0.7937500000000001 , 0.6428125000000001 , -0.018750000000000044
Mac= AC233FA229DB , TimeStamp= 2021-01-21T14:50:30Z , 0.01953125 , 0.0078125 , 0.9765625  , -0.98046875 , 0.8015625000000001 , -0.0234375
Mac= AC233FA229DB , TimeStamp= 2021-01-21T14:50:31Z , 0.01953125 , 0.0 , 0.9765625  , -0.98046875 , 0.8 , -0.0234375
Mac= AC233FA229DB , TimeStamp= 2021-01-21T14:50:30Z , 0.01953125 , 0.0078125 , 0.9765625  , -0.784375 , 0.6428125000000001 , -0.018750000000000044
Mac= AC233FA229DB , TimeStamp= 2021-01-21T14:50:31Z , 0.01953125 , 0.0 , 0.9765625  , -0.784375 , 0.6400000000000001 , -0.018750000000000044
Mac= AC233FA229DB , TimeStamp= 2021-01-21T14:52:43Z , 0.06640625 , -0.94921875 , -0.01953125  , -0.93359375 , 0.6101562500000001 , -1.01953125
Mac= AC233FA229DB , TimeStamp= 2021-01-21T14:52:43Z , 0.06640625 , -0.94921875 , -0.01953125  , -0.7468750000000001 , 0.29828125000000016 , -0.815625
Mac= AC233FA229DB , TimeStamp= 2021-01-21T14:52:44Z , -0.01953125 , -1.2890625 , -0.26953125  , -1.01953125 , 0.5421875 , -1.26953125
Mac= AC233FA229DB , TimeStamp= 2021-01-21T14:52:44Z , -0.01953125 , -1.2890625 , -0.26953125  , -0.815625 , 0.17593750000000014 , -1.015625
Mac= AC233FA229DB , TimeStamp= 2021-01-21T14:52:45Z , -0.0390625 , -0.859375 , 0.359375  , -1.0390625 , 0.628125 , -0.640625
Mac= AC233FA229DB , TimeStamp= 2021-01-21T14:52:45Z , -0.0390625 , -0.859375 , 0.359375  , -0.83125 , 0.33062500000000006 , -0.5125000000000001
Mac= AC233FA229DB , TimeStamp= 2021-01-21T14:52:49Z , -0.13671875 , -0.8671875 , 0.21875  , -1.13671875 , 0.6265625000000001 , -0.78125
Mac= AC233FA229DB , TimeStamp= 2021-01-21T14:52:49Z , -0.13671875 , -0.8671875 , 0.21875  , -0.909375 , 0.3278125000000001 , -0.625
Mac= AC233FA229DB , TimeStamp= 2021-01-21T14:52:50Z , -0.12890625 , -0.70703125 , 0.62890625  , -1.12890625 , 0.6585937500000001 , -0.37109375
Mac= AC233FA229DB , TimeStamp= 2021-01-21T14:52:50Z , -0.12890625 , -0.70703125 , 0.62890625  , -0.9031250000000001 , 0.38546875000000014 , -0.296875
Mac= AC233FA229DB , TimeStamp= 2021-01-21T14:52:51Z , -0.078125 , -0.8671875 , 0.38671875  , -1.078125 , 0.6265625000000001 , -0.61328125
Mac= AC233FA229DB , TimeStamp= 2021-01-21T14:52:51Z , -0.078125 , -0.8671875 , 0.38671875  , -0.8625 , 0.3278125000000001 , -0.4906250000000001
Mac= AC233FA229DB , TimeStamp= 2021-01-21T14:52:52Z , -0.44921875 , -0.8671875 , 0.12890625  , -1.44921875 , 0.6265625000000001 , -0.87109375
Mac= AC233FA229DB , TimeStamp= 2021-01-21T14:52:52Z , -0.44921875 , -0.8671875 , 0.12890625  , -1.159375 , 0.3278125000000001 , -0.696875
Mac= AC233FA229DB , TimeStamp= 2021-01-21T14:52:54Z , 0.078125 , -0.75 , 0.296875  , -0.921875 , 0.6500000000000001 , -0.703125
Mac= AC233FA229DB , TimeStamp= 2021-01-21T14:52:54Z , 0.078125 , -0.75 , 0.296875  , -0.7375 , 0.37000000000000016 , -0.5625
Mac= AC233FA229DB , TimeStamp= 2021-01-21T14:52:55Z , -0.5078125 , -0.9296875 , 0.02734375  , -1.5078125 , 0.6140625000000001 , -0.97265625
Mac= AC233FA229DB , TimeStamp= 2021-01-21T14:52:55Z , -0.5078125 , -0.9296875 , 0.02734375  , -1.20625 , 0.3053125000000001 , -0.7781250000000001
Mac= AC233FA229DB , TimeStamp= 2021-01-21T14:52:56Z , 0.46875 , -0.7890625 , 0.3984375  , -0.53125 , 0.6421875000000001 , -0.6015625
Mac= AC233FA229DB , TimeStamp= 2021-01-21T14:52:56Z , 0.46875 , -0.7890625 , 0.3984375  , -0.42500000000000004 , 0.3559375000000002 , -0.48125000000000007
Mac= AC233FA229DB , TimeStamp= 2021-01-21T14:52:57Z , -0.21875 , -0.84765625 , 0.1875  , -1.21875 , 0.6304687500000001 , -0.8125
Mac= AC233FA229DB , TimeStamp= 2021-01-21T14:52:57Z , -0.21875 , -0.84765625 , 0.1875  , -0.9750000000000001 , 0.33484375000000016 , -0.65
Mac= AC233FA229DB , TimeStamp= 2021-01-21T14:52:58Z , -0.63671875 , -0.796875 , 0.0390625  , -1.63671875 , 0.6406250000000001 , -0.9609375
Mac= AC233FA229DB , TimeStamp= 2021-01-21T14:52:58Z , -0.63671875 , -0.796875 , 0.0390625  , -1.3093750000000002 , 0.35312500000000013 , -0.76875
Mac= AC233FA229DB , TimeStamp= 2021-01-21T14:52:58Z , 1.05859375 , -0.6875 , 0.3671875  , 0.05859375 , 0.6625000000000001 , -0.6328125
Mac= AC233FA229DB , TimeStamp= 2021-01-21T14:52:58Z , 1.05859375 , -0.6875 , 0.3671875  , 0.046875 , 0.3925000000000002 , -0.5062500000000001
Mac= AC233FA229DB , TimeStamp= 2021-01-21T14:52:59Z , -0.5 , -0.828125 , 0.12890625  , -1.5 , 0.6343750000000001 , -0.87109375
Mac= AC233FA229DB , TimeStamp= 2021-01-21T14:52:59Z , -0.5 , -0.828125 , 0.12890625  , -1.2000000000000002 , 0.3418750000000002 , -0.696875
Mac= AC233FA229DB , TimeStamp= 2021-01-21T14:53:00Z , 0.0390625 , -0.71875 , 0.3984375  , -0.9609375 , 0.6562500000000001 , -0.6015625
Mac= AC233FA229DB , TimeStamp= 2021-01-21T14:53:00Z , 0.0390625 , -0.71875 , 0.3984375  , -0.76875 , 0.3812500000000002 , -0.48125000000000007
Mac= AC233FA229DB , TimeStamp= 2021-01-21T14:53:01Z , 0.56640625 , -0.66796875 , 0.46875  , -0.43359375 , 0.6664062500000001 , -0.53125
Mac= AC233FA229DB , TimeStamp= 2021-01-21T14:53:01Z , 0.56640625 , -0.66796875 , 0.46875  , -0.34687500000000004 , 0.3995312500000001 , -0.42500000000000004
Mac= AC233FA229DB , TimeStamp= 2021-01-21T14:53:02Z , -0.81640625 , -0.828125 , 0.0390625  , -1.81640625 , 0.6343750000000001 , -0.9609375
Mac= AC233FA229DB , TimeStamp= 2021-01-21T14:53:02Z , -0.81640625 , -0.828125 , 0.0390625  , -1.453125 , 0.3418750000000002 , -0.76875
Mac= AC233FA229DB , TimeStamp= 2021-01-21T14:53:03Z , 1.02734375 , -0.62890625 , 0.4296875  , 0.02734375 , 0.6742187500000001 , -0.5703125
Mac= AC233FA229DB , TimeStamp= 2021-01-21T14:53:04Z , -0.44921875 , -0.76953125 , 0.21875  , -1.44921875 , 0.6460937500000001 , -0.78125
Mac= AC233FA229DB , TimeStamp= 2021-01-21T14:53:03Z , 1.02734375 , -0.62890625 , 0.4296875  , 0.02187500000000009 , 0.4135937500000001 , -0.45625000000000004
Mac= AC233FA229DB , TimeStamp= 2021-01-21T14:53:04Z , -0.44921875 , -0.76953125 , 0.21875  , -1.159375 , 0.3629687500000001 , -0.625
Mac= AC233FA229DB , TimeStamp= 2021-01-21T14:53:05Z , -0.20703125 , -0.73828125 , 0.38671875  , -1.20703125 , 0.6523437500000001 , -0.61328125
Mac= AC233FA229DB , TimeStamp= 2021-01-21T14:53:05Z , -0.20703125 , -0.73828125 , 0.38671875  , -0.9656250000000001 , 0.37421875000000016 , -0.4906250000000001
Mac= AC233FA229DB , TimeStamp= 2021-01-21T14:53:06Z , 0.578125 , -0.56640625 , 0.6171875  , -0.421875 , 0.68671875 , -0.3828125
Mac= AC233FA229DB , TimeStamp= 2021-01-21T14:53:06Z , 0.578125 , -0.56640625 , 0.6171875  , -0.3375 , 0.43609375000000006 , -0.30625
Mac= AC233FA229DB , TimeStamp= 2021-01-21T14:53:20Z , 0.296875 , -0.80859375 , -0.65625  , -0.703125 , 0.6382812500000001 , -1.65625
Mac= AC233FA229DB , TimeStamp= 2021-01-21T14:53:20Z , 0.296875 , -0.80859375 , -0.65625  , -0.5625 , 0.34890625000000014 , -1.3250000000000002
Mac= AC233FA229DB , TimeStamp= 2021-01-21T14:53:21Z , 0.5 , -0.63671875 , -0.65625  , -0.5 , 0.6726562500000001 , -1.65625
Mac= AC233FA229DB , TimeStamp= 2021-01-21T14:53:21Z , 0.5 , -0.63671875 , -0.65625  , -0.4 , 0.4107812500000001 , -1.3250000000000002
Mac= AC233FA229DB , TimeStamp= 2021-01-21T14:53:22Z , -0.09765625 , -0.59765625 , 0.296875  , -1.09765625 , 0.6804687500000001 , -0.703125
Mac= AC233FA229DB , TimeStamp= 2021-01-21T14:53:23Z , -0.359375 , -0.63671875 , 0.6171875  , -1.359375 , 0.6726562500000001 , -0.3828125
Mac= AC233FA229DB , TimeStamp= 2021-01-21T14:53:22Z , -0.09765625 , -0.59765625 , 0.296875  , -0.878125 , 0.4248437500000001 , -0.5625
Mac= AC233FA229DB , TimeStamp= 2021-01-21T14:53:23Z , -0.359375 , -0.63671875 , 0.6171875  , -1.0875 , 0.4107812500000001 , -0.30625
Mac= AC233FA229DB , TimeStamp= 2021-01-21T14:53:24Z , -0.3671875 , -0.609375 , 0.65625  , -1.3671875 , 0.6781250000000001 , -0.34375
Mac= AC233FA229DB , TimeStamp= 2021-01-21T14:53:24Z , -0.3671875 , -0.609375 , 0.65625  , -1.09375 , 0.42062500000000014 , -0.275
Mac= AC233FA229DB , TimeStamp= 2021-01-21T14:53:25Z , -0.2578125 , -0.73828125 , 0.56640625  , -1.2578125 , 0.6523437500000001 , -0.43359375
Mac= AC233FA229DB , TimeStamp= 2021-01-21T14:53:25Z , -0.2578125 , -0.73828125 , 0.56640625  , -1.00625 , 0.37421875000000016 , -0.34687500000000004
Mac= AC233FA229DB , TimeStamp= 2021-01-21T14:53:26Z , -0.30859375 , -0.7265625 , 0.52734375  , -1.30859375 , 0.6546875000000001 , -0.47265625
Mac= AC233FA229DB , TimeStamp= 2021-01-21T14:53:26Z , -0.30859375 , -0.7265625 , 0.52734375  , -1.046875 , 0.3784375000000001 , -0.37812500000000004
Mac= AC233FA229DB , TimeStamp= 2021-01-21T14:53:27Z , -0.2890625 , -0.7578125 , 0.5078125  , -1.2890625 , 0.6484375000000001 , -0.4921875
Mac= AC233FA229DB , TimeStamp= 2021-01-21T14:53:27Z , -0.2890625 , -0.7578125 , 0.5078125  , -1.03125 , 0.3671875000000002 , -0.39375000000000004
Mac= AC233FA229DB , TimeStamp= 2021-01-21T14:53:28Z , -0.2578125 , -0.828125 , 0.1171875  , -1.2578125 , 0.6343750000000001 , -0.8828125
Mac= AC233FA229DB , TimeStamp= 2021-01-21T14:53:28Z , -0.2578125 , -0.828125 , 0.1171875  , -1.00625 , 0.3418750000000002 , -0.70625
Mac= AC233FA229DB , TimeStamp= 2021-01-21T14:53:28Z , -0.55859375 , -0.63671875 , 0.0390625  , -1.55859375 , 0.6726562500000001 , -0.9609375
Mac= AC233FA229DB , TimeStamp= 2021-01-21T14:53:28Z , -0.55859375 , -0.63671875 , 0.0390625  , -1.2468750000000002 , 0.4107812500000001 , -0.76875
Mac= AC233FA229DB , TimeStamp= 2021-01-21T14:53:29Z , 0.84765625 , -0.58984375 , 0.52734375  , -0.15234375 , 0.6820312500000001 , -0.47265625
Mac= AC233FA229DB , TimeStamp= 2021-01-21T14:53:29Z , 0.84765625 , -0.58984375 , 0.52734375  , -0.12187499999999996 , 0.4276562500000002 , -0.37812500000000004
Mac= AC233FA229DB , TimeStamp= 2021-01-21T14:53:30Z , -0.55859375 , -0.796875 , -0.0390625  , -1.55859375 , 0.6406250000000001 , -1.0390625
Mac= AC233FA229DB , TimeStamp= 2021-01-21T14:53:30Z , -0.55859375 , -0.796875 , -0.0390625  , -1.2468750000000002 , 0.35312500000000013 , -0.83125
Mac= AC233FA229DB , TimeStamp= 2021-01-21T14:53:31Z , 0.0390625 , -0.69921875 , 0.31640625  , -0.9609375 , 0.6601562500000001 , -0.68359375
Mac= AC233FA229DB , TimeStamp= 2021-01-21T14:53:31Z , 0.0390625 , -0.69921875 , 0.31640625  , -0.76875 , 0.38828125000000013 , -0.546875
Mac= AC233FA229DB , TimeStamp= 2021-01-21T14:53:32Z , 0.26953125 , -0.609375 , 0.58984375  , -0.73046875 , 0.6781250000000001 , -0.41015625
Mac= AC233FA229DB , TimeStamp= 2021-01-21T14:53:33Z , -0.73828125 , -0.71875 , -0.5  , -1.73828125 , 0.6562500000000001 , -1.5
Mac= AC233FA229DB , TimeStamp= 2021-01-21T14:53:32Z , 0.26953125 , -0.609375 , 0.58984375  , -0.5843750000000001 , 0.42062500000000014 , -0.328125
Mac= AC233FA229DB , TimeStamp= 2021-01-21T14:53:33Z , -0.73828125 , -0.71875 , -0.5  , -1.390625 , 0.3812500000000002 , -1.2000000000000002
Mac= AC233FA229DB , TimeStamp= 2021-01-21T14:53:35Z , 0.51953125 , -0.56640625 , 0.6171875  , -0.48046875 , 0.68671875 , -0.3828125
Mac= AC233FA229DB , TimeStamp= 2021-01-21T14:53:35Z , 0.51953125 , -0.56640625 , 0.6171875  , -0.384375 , 0.43609375000000006 , -0.30625
Mac= AC233FA229DB , TimeStamp= 2021-01-21T14:53:36Z , -0.8984375 , -0.70703125 , -0.26953125  , -1.8984375 , 0.6585937500000001 , -1.26953125
Mac= AC233FA229DB , TimeStamp= 2021-01-21T14:53:36Z , -0.8984375 , -0.70703125 , -0.26953125  , -1.51875 , 0.38546875000000014 , -1.015625
Mac= AC233FA229DB , TimeStamp= 2021-01-21T14:53:37Z , -0.15625 , -0.52734375 , 0.65625  , -1.15625 , 0.69453125 , -0.34375
Mac= AC233FA229DB , TimeStamp= 2021-01-21T14:53:37Z , -0.15625 , -0.52734375 , 0.65625  , -0.925 , 0.45015625000000004 , -0.275
Mac= AC233FA229DB , TimeStamp= 2021-01-21T14:53:38Z , 0.20703125 , -0.359375 , 0.7265625  , -0.79296875 , 0.728125 , -0.2734375
Mac= AC233FA229DB , TimeStamp= 2021-01-21T14:53:38Z , 0.20703125 , -0.359375 , 0.7265625  , -0.634375 , 0.510625 , -0.21875
Mac= AC233FA229DB , TimeStamp= 2021-01-21T14:53:38Z , -0.7578125 , -0.73828125 , -0.27734375  , -1.7578125 , 0.6523437500000001 , -1.27734375
Mac= AC233FA229DB , TimeStamp= 2021-01-21T14:53:38Z , -0.7578125 , -0.73828125 , -0.27734375  , -1.40625 , 0.37421875000000016 , -1.021875
Mac= AC233FA229DB , TimeStamp= 2021-01-21T14:53:39Z , 0.83984375 , 0.05859375 , 0.8984375  , -0.16015625 , 0.81171875 , -0.1015625
Mac= AC233FA229DB , TimeStamp= 2021-01-21T14:53:39Z , 0.83984375 , 0.05859375 , 0.8984375  , -0.12812500000000004 , 0.66109375 , -0.08125000000000004
Mac= AC233FA229DB , TimeStamp= 2021-01-21T14:53:40Z , 0.44921875 , -0.1796875 , 0.73828125  , -0.55078125 , 0.7640625000000001 , -0.26171875
Mac= AC233FA229DB , TimeStamp= 2021-01-21T14:53:40Z , 0.44921875 , -0.1796875 , 0.73828125  , -0.44062500000000004 , 0.5753125000000001 , -0.20937499999999998
Mac= AC233FA229DB , TimeStamp= 2021-01-21T14:53:41Z , -0.9296875 , -0.3671875 , -0.19921875  , -1.9296875 , 0.7265625 , -1.19921875
Mac= AC233FA229DB , TimeStamp= 2021-01-21T14:53:41Z , -0.9296875 , -0.3671875 , -0.19921875  , -1.5437500000000002 , 0.5078125 , -0.9593750000000001
Mac= AC233FA229DB , TimeStamp= 2021-01-21T14:53:42Z , -0.37890625 , -0.73828125 , -0.15625  , -1.37890625 , 0.6523437500000001 , -1.15625
Mac= AC233FA229DB , TimeStamp= 2021-01-21T14:53:43Z , 0.90625 , -0.6796875 , 0.08984375  , -0.09375 , 0.6640625000000001 , -0.91015625
Mac= AC233FA229DB , TimeStamp= 2021-01-21T14:53:42Z , -0.37890625 , -0.73828125 , -0.15625  , -1.103125 , 0.37421875000000016 , -0.925
Mac= AC233FA229DB , TimeStamp= 2021-01-21T14:53:43Z , 0.90625 , -0.6796875 , 0.08984375  , -0.07499999999999996 , 0.3953125000000002 , -0.728125
Mac= AC233FA229DB , TimeStamp= 2021-01-21T14:53:44Z , 0.70703125 , -0.63671875 , -0.1875  , -0.29296875 , 0.6726562500000001 , -1.1875
Mac= AC233FA229DB , TimeStamp= 2021-01-21T14:53:44Z , 0.70703125 , -0.63671875 , -0.1875  , -0.234375 , 0.4107812500000001 , -0.9500000000000001
Mac= AC233FA229DB , TimeStamp= 2021-01-21T14:53:45Z , -0.80859375 , -0.09765625 , -0.30859375  , -1.80859375 , 0.78046875 , -1.30859375
Mac= AC233FA229DB , TimeStamp= 2021-01-21T14:53:45Z , -0.80859375 , -0.09765625 , -0.30859375  , -1.4468750000000001 , 0.6048437500000001 , -1.046875
Mac= AC233FA229DB , TimeStamp= 2021-01-21T14:53:46Z , -0.328125 , 0.796875 , -0.95703125  , -1.328125 , 0.959375 , -1.95703125
Mac= AC233FA229DB , TimeStamp= 2021-01-21T14:53:46Z , -0.328125 , 0.796875 , -0.95703125  , -1.0625 , 0.926875 , -1.565625
Mac= AC233FA229DB , TimeStamp= 2021-01-21T14:53:47Z , -0.87890625 , -0.55859375 , 0.16796875  , -1.87890625 , 0.6882812500000001 , -0.83203125
Mac= AC233FA229DB , TimeStamp= 2021-01-21T14:53:47Z , -0.87890625 , -0.55859375 , 0.16796875  , -1.503125 , 0.43890625000000005 , -0.665625
Mac= AC233FA229DB , TimeStamp= 2021-01-21T14:53:47Z , -0.8671875 , 0.328125 , -0.30859375  , -1.8671875 , 0.8656250000000001 , -1.30859375
Mac= AC233FA229DB , TimeStamp= 2021-01-21T14:53:47Z , -0.8671875 , 0.328125 , -0.30859375  , -1.4937500000000001 , 0.7581250000000002 , -1.046875
Mac= AC233FA229DB , TimeStamp= 2021-01-21T14:53:48Z , -0.71875 , 0.19921875 , -0.19921875  , -1.71875 , 0.83984375 , -1.19921875
Mac= AC233FA229DB , TimeStamp= 2021-01-21T14:53:48Z , -0.71875 , 0.19921875 , -0.19921875  , -1.375 , 0.71171875 , -0.9593750000000001
Mac= AC233FA229DB , TimeStamp= 2021-01-21T14:53:49Z , -0.81640625 , -0.828125 , 0.08984375  , -1.81640625 , 0.6343750000000001 , -0.91015625
Mac= AC233FA229DB , TimeStamp= 2021-01-21T14:53:49Z , -0.81640625 , -0.828125 , 0.08984375  , -1.453125 , 0.3418750000000002 , -0.728125
Mac= AC233FA229DB , TimeStamp= 2021-01-21T14:53:50Z , -0.90625 , 0.4765625 , 0.08984375  , -1.90625 , 0.8953125000000001 , -0.91015625
Mac= AC233FA229DB , TimeStamp= 2021-01-21T14:53:50Z , -0.90625 , 0.4765625 , 0.08984375  , -1.5250000000000001 , 0.8115625000000001 , -0.728125
Mac= AC233FA229DB , TimeStamp= 2021-01-21T14:53:51Z , -0.75 , -0.13671875 , 0.1796875  , -1.75 , 0.77265625 , -0.8203125
Mac= AC233FA229DB , TimeStamp= 2021-01-21T14:53:51Z , -0.75 , -0.13671875 , 0.1796875  , -1.4000000000000001 , 0.59078125 , -0.65625
Mac= AC233FA229DB , TimeStamp= 2021-01-21T14:53:52Z , -0.609375 , -0.45703125 , -0.2890625  , -1.609375 , 0.70859375 , -1.2890625
Mac= AC233FA229DB , TimeStamp= 2021-01-21T14:53:53Z , 1.25 , 0.578125 , 0.19921875  , 0.25 , 0.915625 , -0.80078125
Mac= AC233FA229DB , TimeStamp= 2021-01-21T14:53:52Z , -0.609375 , -0.45703125 , -0.2890625  , -1.2875 , 0.47546875000000005 , -1.03125
Mac= AC233FA229DB , TimeStamp= 2021-01-21T14:53:53Z , 1.25 , 0.578125 , 0.19921875  , 0.19999999999999996 , 0.848125 , -0.640625
Mac= AC233FA229DB , TimeStamp= 2021-01-21T14:53:54Z , 0.77734375 , -0.5 , -0.19921875  , -0.22265625 , 0.7000000000000001 , -1.19921875
Mac= AC233FA229DB , TimeStamp= 2021-01-21T14:53:54Z , 0.77734375 , -0.5 , -0.19921875  , -0.17812499999999998 , 0.4600000000000001 , -0.9593750000000001
Mac= AC233FA229DB , TimeStamp= 2021-01-21T14:53:55Z , 0.7578125 , -0.0078125 , -0.05859375  , -0.2421875 , 0.7984375 , -1.05859375
Mac= AC233FA229DB , TimeStamp= 2021-01-21T14:53:55Z , 0.7578125 , -0.0078125 , -0.05859375  , -0.19374999999999998 , 0.6371875 , -0.846875
Mac= AC233FA229DB , TimeStamp= 2021-01-21T14:53:57Z , 0.859375 , -0.2890625 , -0.33984375  , -0.140625 , 0.7421875 , -1.33984375
Mac= AC233FA229DB , TimeStamp= 2021-01-21T14:53:57Z , 0.859375 , -0.2890625 , -0.33984375  , -0.11250000000000004 , 0.5359375 , -1.071875
Mac= AC233FA229DB , TimeStamp= 2021-01-21T14:53:57Z , 0.7890625 , -0.38671875 , -0.41796875  , -0.2109375 , 0.72265625 , -1.41796875
Mac= AC233FA229DB , TimeStamp= 2021-01-21T14:53:57Z , 0.7890625 , -0.38671875 , -0.41796875  , -0.16874999999999996 , 0.50078125 , -1.134375
Mac= AC233FA229DB , TimeStamp= 2021-01-21T14:53:58Z , 1.0390625 , 0.7265625 , 0.0078125  , 0.0390625 , 0.9453125 , -0.9921875
Mac= AC233FA229DB , TimeStamp= 2021-01-21T14:53:58Z , 1.0390625 , 0.7265625 , 0.0078125  , 0.03125 , 0.9015625 , -0.7937500000000001
Mac= AC233FA229DB , TimeStamp= 2021-01-21T14:53:59Z , 0.6796875 , -0.65625 , -0.63671875  , -0.3203125 , 0.6687500000000001 , -1.63671875
Mac= AC233FA229DB , TimeStamp= 2021-01-21T14:53:59Z , 0.6796875 , -0.65625 , -0.63671875  , -0.25625 , 0.40375000000000005 , -1.3093750000000002
Mac= AC233FA229DB , TimeStamp= 2021-01-21T14:54:00Z , 0.51953125 , -0.0390625 , -0.6484375  , -0.48046875 , 0.7921875 , -1.6484375
Mac= AC233FA229DB , TimeStamp= 2021-01-21T14:54:00Z , 0.51953125 , -0.0390625 , -0.6484375  , -0.384375 , 0.6259375 , -1.31875
Mac= AC233FA229DB , TimeStamp= 2021-01-21T14:54:02Z , 0.4375 , -0.7578125 , -0.69921875  , -0.5625 , 0.6484375000000001 , -1.69921875
Mac= AC233FA229DB , TimeStamp= 2021-01-21T14:54:02Z , 0.4375 , -0.7578125 , -0.69921875  , -0.45000000000000007 , 0.3671875000000002 , -1.359375
Mac= AC233FA229DB , TimeStamp= 2021-01-21T14:54:03Z , 0.96875 , 0.51953125 , -0.1875  , -0.03125 , 0.90390625 , -1.1875
Mac= AC233FA229DB , TimeStamp= 2021-01-21T14:54:03Z , 0.96875 , 0.51953125 , -0.1875  , -0.025000000000000022 , 0.82703125 , -0.9500000000000001
Mac= AC233FA229DB , TimeStamp= 2021-01-21T14:54:04Z , 0.66796875 , -0.2578125 , -0.546875  , -0.33203125 , 0.7484375000000001 , -1.546875
Mac= AC233FA229DB , TimeStamp= 2021-01-21T14:54:04Z , 0.66796875 , -0.2578125 , -0.546875  , -0.265625 , 0.5471875000000002 , -1.2375
Mac= AC233FA229DB , TimeStamp= 2021-01-21T14:54:05Z , 0.80859375 , -0.52734375 , -0.33984375  , -0.19140625 , 0.69453125 , -1.33984375
Mac= AC233FA229DB , TimeStamp= 2021-01-21T14:54:05Z , 0.80859375 , -0.52734375 , -0.33984375  , -0.15312499999999996 , 0.45015625000000004 , -1.071875
Mac= AC233FA229DB , TimeStamp= 2021-01-21T14:54:06Z , 0.83984375 , 0.63671875 , -0.38671875  , -0.16015625 , 0.92734375 , -1.38671875
Mac= AC233FA229DB , TimeStamp= 2021-01-21T14:54:06Z , 0.83984375 , 0.63671875 , -0.38671875  , -0.12812500000000004 , 0.86921875 , -1.109375
Mac= AC233FA229DB , TimeStamp= 2021-01-21T14:54:07Z , 0.65625 , -0.44921875 , -0.48828125  , -0.34375 , 0.71015625 , -1.48828125
Mac= AC233FA229DB , TimeStamp= 2021-01-21T14:54:07Z , 0.65625 , -0.44921875 , -0.48828125  , -0.275 , 0.4782812500000001 , -1.190625
Mac= AC233FA229DB , TimeStamp= 2021-01-21T14:54:07Z , 0.80859375 , -0.63671875 , -0.51953125  , -0.19140625 , 0.6726562500000001 , -1.51953125
Mac= AC233FA229DB , TimeStamp= 2021-01-21T14:54:07Z , 0.80859375 , -0.63671875 , -0.51953125  , -0.15312499999999996 , 0.4107812500000001 , -1.2156250000000002
Mac= AC233FA229DB , TimeStamp= 2021-01-21T14:54:08Z , 0.69921875 , 0.3671875 , -0.33984375  , -0.30078125 , 0.8734375000000001 , -1.33984375
Mac= AC233FA229DB , TimeStamp= 2021-01-21T14:54:08Z , 0.69921875 , 0.3671875 , -0.33984375  , -0.24062499999999998 , 0.7721875 , -1.071875
Mac= AC233FA229DB , TimeStamp= 2021-01-21T14:54:09Z , -0.41796875 , -0.71875 , 0.4765625  , -1.41796875 , 0.6562500000000001 , -0.5234375
Mac= AC233FA229DB , TimeStamp= 2021-01-21T14:54:09Z , -0.41796875 , -0.71875 , 0.4765625  , -1.134375 , 0.3812500000000002 , -0.41875000000000007
Mac= AC233FA229DB , TimeStamp= 2021-01-21T14:54:10Z , -0.76953125 , -0.33984375 , 0.15625  , -1.76953125 , 0.73203125 , -0.84375
Mac= AC233FA229DB , TimeStamp= 2021-01-21T14:54:10Z , -0.76953125 , -0.33984375 , 0.15625  , -1.4156250000000001 , 0.51765625 , -0.675
Mac= AC233FA229DB , TimeStamp= 2021-01-21T14:54:11Z , -0.87890625 , 0.46875 , 0.09765625  , -1.87890625 , 0.89375 , -0.90234375
Mac= AC233FA229DB , TimeStamp= 2021-01-21T14:54:12Z , -0.6484375 , -0.41796875 , 0.828125  , -1.6484375 , 0.71640625 , -0.171875
Mac= AC233FA229DB , TimeStamp= 2021-01-21T14:54:11Z , -0.87890625 , 0.46875 , 0.09765625  , -1.503125 , 0.8087500000000001 , -0.721875
Mac= AC233FA229DB , TimeStamp= 2021-01-21T14:54:12Z , -0.6484375 , -0.41796875 , 0.828125  , -1.31875 , 0.48953125000000003 , -0.13749999999999996
Mac= AC233FA229DB , TimeStamp= 2021-01-21T14:54:13Z , -1.078125 , 0.6484375 , 0.296875  , -2.078125 , 0.9296875 , -0.703125
Mac= AC233FA229DB , TimeStamp= 2021-01-21T14:54:13Z , -1.078125 , 0.6484375 , 0.296875  , -1.6625 , 0.8734375 , -0.5625
Mac= AC233FA229DB , TimeStamp= 2021-01-21T14:54:14Z , -0.87890625 , 0.2578125 , 0.3671875  , -1.87890625 , 0.8515625 , -0.6328125
Mac= AC233FA229DB , TimeStamp= 2021-01-21T14:54:14Z , -0.87890625 , 0.2578125 , 0.3671875  , -1.503125 , 0.7328125 , -0.5062500000000001
Mac= AC233FA229DB , TimeStamp= 2021-01-21T14:54:15Z , -0.70703125 , -0.56640625 , 0.62890625  , -1.70703125 , 0.68671875 , -0.37109375
Mac= AC233FA229DB , TimeStamp= 2021-01-21T14:54:15Z , -0.70703125 , -0.56640625 , 0.62890625  , -1.365625 , 0.43609375000000006 , -0.296875
Mac= AC233FA229DB , TimeStamp= 2021-01-21T14:54:16Z , -0.9375 , 0.21875 , 0.26953125  , -1.9375 , 0.84375 , -0.73046875
Mac= AC233FA229DB , TimeStamp= 2021-01-21T14:54:16Z , -0.9375 , 0.21875 , 0.26953125  , -1.55 , 0.71875 , -0.5843750000000001
Mac= AC233FA229DB , TimeStamp= 2021-01-21T14:54:17Z , -0.80859375 , 0.25 , 0.4296875  , -1.80859375 , 0.8500000000000001 , -0.5703125
Mac= AC233FA229DB , TimeStamp= 2021-01-21T14:54:17Z , -0.80859375 , 0.25 , 0.4296875  , -1.4468750000000001 , 0.7300000000000002 , -0.45625000000000004
Mac= AC233FA229DB , TimeStamp= 2021-01-21T14:54:17Z , -0.65625 , -0.66796875 , 0.63671875  , -1.65625 , 0.6664062500000001 , -0.36328125
Mac= AC233FA229DB , TimeStamp= 2021-01-21T14:54:17Z , -0.65625 , -0.66796875 , 0.63671875  , -1.3250000000000002 , 0.3995312500000001 , -0.290625
Mac= AC233FA229DB , TimeStamp= 2021-01-21T14:54:18Z , -0.1171875 , 0.48828125 , -0.8671875  , -1.1171875 , 0.89765625 , -1.8671875
Mac= AC233FA229DB , TimeStamp= 2021-01-21T14:54:18Z , -0.1171875 , 0.48828125 , -0.8671875  , -0.89375 , 0.8157812500000001 , -1.4937500000000001
Mac= AC233FA229DB , TimeStamp= 2021-01-21T14:54:19Z , 0.3984375 , 0.6484375 , -0.55859375  , -0.6015625 , 0.9296875 , -1.55859375
Mac= AC233FA229DB , TimeStamp= 2021-01-21T14:54:19Z , 0.3984375 , 0.6484375 , -0.55859375  , -0.48125000000000007 , 0.8734375 , -1.2468750000000002
Mac= AC233FA229DB , TimeStamp= 2021-01-21T14:54:20Z , -0.1875 , 0.859375 , -0.40625  , -1.1875 , 0.971875 , -1.40625
Mac= AC233FA229DB , TimeStamp= 2021-01-21T14:54:20Z , -0.1875 , 0.859375 , -0.40625  , -0.9500000000000001 , 0.9493750000000001 , -1.125
Mac= AC233FA229DB , TimeStamp= 2021-01-21T14:54:21Z , -0.046875 , 0.55859375 , -0.20703125  , -1.046875 , 0.91171875 , -1.20703125
Mac= AC233FA229DB , TimeStamp= 2021-01-21T14:54:22Z , 0.546875 , 0.46875 , -0.65625  , -0.453125 , 0.89375 , -1.65625
Mac= AC233FA229DB , TimeStamp= 2021-01-21T14:54:21Z , -0.046875 , 0.55859375 , -0.20703125  , -0.8375 , 0.8410937500000001 , -0.9656250000000001
Mac= AC233FA229DB , TimeStamp= 2021-01-21T14:54:22Z , 0.546875 , 0.46875 , -0.65625  , -0.36250000000000004 , 0.8087500000000001 , -1.3250000000000002
Mac= AC233FA229DB , TimeStamp= 2021-01-21T14:54:23Z , 0.30859375 , 0.71875 , -0.55859375  , -0.69140625 , 0.94375 , -1.55859375
Mac= AC233FA229DB , TimeStamp= 2021-01-21T14:54:23Z , 0.30859375 , 0.71875 , -0.55859375  , -0.5531250000000001 , 0.8987499999999999 , -1.2468750000000002
Mac= AC233FA229DB , TimeStamp= 2021-01-21T14:54:24Z , 0.41796875 , 0.6796875 , -0.546875  , -0.58203125 , 0.9359375 , -1.546875
Mac= AC233FA229DB , TimeStamp= 2021-01-21T14:54:24Z , 0.41796875 , 0.6796875 , -0.546875  , -0.46562500000000007 , 0.8846875 , -1.2375
Mac= AC233FA229DB , TimeStamp= 2021-01-21T14:54:25Z , 0.48828125 , 0.6484375 , -0.52734375  , -0.51171875 , 0.9296875 , -1.52734375
Mac= AC233FA229DB , TimeStamp= 2021-01-21T14:54:25Z , 0.48828125 , 0.6484375 , -0.52734375  , -0.40937500000000004 , 0.8734375 , -1.221875
Mac= AC233FA229DB , TimeStamp= 2021-01-21T14:54:26Z , 0.5 , 0.66796875 , -0.51953125  , -0.5 , 0.93359375 , -1.51953125
Mac= AC233FA229DB , TimeStamp= 2021-01-21T14:54:26Z , 0.5 , 0.66796875 , -0.51953125  , -0.4 , 0.88046875 , -1.2156250000000002
Mac= AC233FA229DB , TimeStamp= 2021-01-21T14:54:27Z , 0.5078125 , 0.6484375 , -0.52734375  , -0.4921875 , 0.9296875 , -1.52734375
Mac= AC233FA229DB , TimeStamp= 2021-01-21T14:54:27Z , 0.5078125 , 0.6484375 , -0.52734375  , -0.39375000000000004 , 0.8734375 , -1.221875
Mac= AC233FA229DB , TimeStamp= 2021-01-21T14:54:27Z , 0.5 , 0.65625 , -0.5078125  , -0.5 , 0.93125 , -1.5078125
Mac= AC233FA229DB , TimeStamp= 2021-01-21T14:54:27Z , 0.5 , 0.65625 , -0.5078125  , -0.4 , 0.8762500000000001 , -1.20625
Mac= AC233FA229DB , TimeStamp= 2021-01-21T14:54:28Z , 0.5078125 , 0.65625 , -0.5  , -0.4921875 , 0.93125 , -1.5
Mac= AC233FA229DB , TimeStamp= 2021-01-21T14:54:28Z , 0.5078125 , 0.65625 , -0.5  , -0.39375000000000004 , 0.8762500000000001 , -1.2000000000000002
Mac= AC233FA229DB , TimeStamp= 2021-01-21T14:54:29Z , 0.5 , 0.66796875 , -0.5  , -0.5 , 0.93359375 , -1.5
Mac= AC233FA229DB , TimeStamp= 2021-01-21T14:54:29Z , 0.5 , 0.66796875 , -0.5  , -0.4 , 0.88046875 , -1.2000000000000002
Mac= AC233FA229DB , TimeStamp= 2021-01-21T14:54:30Z , 0.5078125 , 0.6796875 , -0.48828125  , -0.4921875 , 0.9359375 , -1.48828125
Mac= AC233FA229DB , TimeStamp= 2021-01-21T14:54:30Z , 0.5078125 , 0.6796875 , -0.48828125  , -0.39375000000000004 , 0.8846875 , -1.190625
Mac= AC233FA229DB , TimeStamp= 2021-01-21T14:54:32Z , 0.25 , 0.859375 , -0.30859375  , -0.75 , 0.971875 , -1.30859375
Mac= AC233FA229DB , TimeStamp= 2021-01-21T14:54:32Z , 0.25 , 0.859375 , -0.30859375  , -0.6000000000000001 , 0.9493750000000001 , -1.046875
Mac= AC233FA229DB , TimeStamp= 2021-01-21T14:54:33Z , 0.06640625 , 0.69921875 , -0.4765625  , -0.93359375 , 0.93984375 , -1.4765625
Mac= AC233FA229DB , TimeStamp= 2021-01-21T14:54:33Z , 0.06640625 , 0.69921875 , -0.4765625  , -0.7468750000000001 , 0.89171875 , -1.18125
Mac= AC233FA229DB , TimeStamp= 2021-01-21T14:54:34Z , 0.09765625 , 0.81640625 , -0.46875  , -0.90234375 , 0.96328125 , -1.46875
Mac= AC233FA229DB , TimeStamp= 2021-01-21T14:54:34Z , 0.09765625 , 0.81640625 , -0.46875  , -0.721875 , 0.9339062499999999 , -1.175
Mac= AC233FA229DB , TimeStamp= 2021-01-21T14:54:35Z , 0.1171875 , 0.66796875 , -0.63671875  , -0.8828125 , 0.93359375 , -1.63671875
Mac= AC233FA229DB , TimeStamp= 2021-01-21T14:54:35Z , 0.1171875 , 0.66796875 , -0.63671875  , -0.70625 , 0.88046875 , -1.3093750000000002
Mac= AC233FA229DB , TimeStamp= 2021-01-21T14:54:36Z , 0.109375 , 1.0078125 , -0.2265625  , -0.890625 , 1.0015625 , -1.2265625
Mac= AC233FA229DB , TimeStamp= 2021-01-21T14:54:36Z , 0.109375 , 1.0078125 , -0.2265625  , -0.7125 , 1.0028124999999999 , -0.9812500000000001
Mac= AC233FA229DB , TimeStamp= 2021-01-21T14:54:37Z , -0.109375 , 0.13671875 , -0.77734375  , -1.109375 , 0.82734375 , -1.77734375
Mac= AC233FA229DB , TimeStamp= 2021-01-21T14:54:37Z , -0.109375 , 0.13671875 , -0.77734375  , -0.8875000000000001 , 0.6892187500000001 , -1.421875
Mac= AC233FA229DB , TimeStamp= 2021-01-21T14:54:37Z , 0.828125 , 0.12890625 , -0.76953125  , -0.171875 , 0.82578125 , -1.76953125
Mac= AC233FA229DB , TimeStamp= 2021-01-21T14:54:37Z , 0.828125 , 0.12890625 , -0.76953125  , -0.13749999999999996 , 0.68640625 , -1.4156250000000001
Mac= AC233FA229DB , TimeStamp= 2021-01-21T14:55:07Z , 0.0 , 0.0 , -1.0  , -1.0 , 0.8 , -2.0
Mac= AC233FA229DB , TimeStamp= 2021-01-21T14:55:07Z , 0.0 , 0.0 , -1.0  , -0.8 , 0.6400000000000001 , -1.6
Mac= AC233FA229DB , TimeStamp= 2021-01-21T14:55:08Z , 0.0 , 0.0 , -1.0  , -1.0 , 0.8 , -2.0
Mac= AC233FA229DB , TimeStamp= 2021-01-21T14:55:08Z , 0.0 , 0.0 , -1.0  , -0.8 , 0.6400000000000001 , -1.6
Mac= AC233FA229DB , TimeStamp= 2021-01-21T14:56:30Z , 0.0078125 , 0.0 , -1.0  , -0.9921875 , 0.8 , -2.0
Mac= AC233FA229DB , TimeStamp= 2021-01-21T14:56:30Z , 0.0078125 , 0.0 , -1.0  , -0.7937500000000001 , 0.6400000000000001 , -1.6
Mac= AC233FA229DB , TimeStamp= 2021-01-21T14:56:31Z , 0.0078125 , 0.0 , -1.0  , -0.9921875 , 0.8 , -2.0
Mac= AC233FA229DB , TimeStamp= 2021-01-21T14:56:31Z , 0.0078125 , 0.0 , -1.0  , -0.7937500000000001 , 0.6400000000000001 , -1.6
Mac= AC233FA229DB , TimeStamp= 2021-01-21T14:56:32Z , 0.0 , 0.0 , -1.0  , -1.0 , 0.8 , -2.0
Mac= AC233FA229DB , TimeStamp= 2021-01-21T14:56:32Z , 0.0 , 0.0 , -1.0  , -0.8 , 0.6400000000000001 , -1.6
Mac= AC233FA229DB , TimeStamp= 2021-01-21T14:56:56Z , 0.0078125 , 0.0 , -1.0078125  , -0.9921875 , 0.8 , -2.0078125
Mac= AC233FA229DB , TimeStamp= 2021-01-21T14:56:56Z , 0.0078125 , 0.0 , -1.0078125  , -0.7937500000000001 , 0.6400000000000001 , -1.6062500000000002
Mac= AC233FA229DB , TimeStamp= 2021-01-21T15:10:20Z , 0.0 , 0.0 , -1.0  , -1.0 , 0.8 , -2.0
Mac= AC233FA229DB , TimeStamp= 2021-01-21T15:10:21Z , 0.0078125 , 0.0 , -1.0078125  , -0.9921875 , 0.8 , -2.0078125
Mac= AC233FA229DB , TimeStamp= 2021-01-21T15:10:20Z , 0.0 , 0.0 , -1.0  , -0.8 , 0.6400000000000001 , -1.6
Mac= AC233FA229DB , TimeStamp= 2021-01-21T15:10:21Z , 0.0078125 , 0.0 , -1.0078125  , -0.7937500000000001 , 0.6400000000000001 , -1.6062500000000002
Mac= AC233FA229DB , TimeStamp= 2021-01-21T15:10:22Z , 0.0 , 0.0 , -1.0  , -1.0 , 0.8 , -2.0
Mac= AC233FA229DB , TimeStamp= 2021-01-21T15:10:22Z , 0.0 , 0.0 , -1.0  , -0.8 , 0.6400000000000001 , -1.6
Mac= AC233FA229DB , TimeStamp= 2021-01-21T15:10:23Z , 0.0 , 0.0 , -1.0  , -1.0 , 0.8 , -2.0
Mac= AC233FA229DB , TimeStamp= 2021-01-21T15:10:23Z , 0.0 , 0.0 , -1.0  , -0.8 , 0.6400000000000001 , -1.6
Mac= AC233FA229DB , TimeStamp= 2021-01-21T15:10:23Z , 0.9765625 , -0.05859375 , -0.06640625  , -0.0234375 , 0.78828125 , -1.06640625
Mac= AC233FA229DB , TimeStamp= 2021-01-21T15:10:23Z , 0.9765625 , -0.05859375 , -0.06640625  , -0.018750000000000044 , 0.6189062500000001 , -0.853125
Mac= AC233FA229DB , TimeStamp= 2021-01-21T15:10:24Z , 0.25 , -0.8984375 , -0.23828125  , -0.75 , 0.6203125 , -1.23828125
Mac= AC233FA229DB , TimeStamp= 2021-01-21T15:10:24Z , 0.25 , -0.8984375 , -0.23828125  , -0.6000000000000001 , 0.3165625000000001 , -0.9906250000000001
Mac= AC233FA229DB , TimeStamp= 2021-01-21T15:10:25Z , 0.25 , -0.8984375 , -0.1875  , -0.75 , 0.6203125 , -1.1875
Mac= AC233FA229DB , TimeStamp= 2021-01-21T15:10:25Z , 0.25 , -0.8984375 , -0.1875  , -0.6000000000000001 , 0.3165625000000001 , -0.9500000000000001
Mac= AC233FA229DB , TimeStamp= 2021-01-21T15:10:26Z , 0.2265625 , -0.91796875 , -0.16796875  , -0.7734375 , 0.61640625 , -1.16796875
Mac= AC233FA229DB , TimeStamp= 2021-01-21T15:10:26Z , 0.2265625 , -0.91796875 , -0.16796875  , -0.61875 , 0.30953125000000004 , -0.9343750000000001
Mac= AC233FA229DB , TimeStamp= 2021-01-21T15:10:27Z , 0.40625 , -0.90625 , -0.2890625  , -0.59375 , 0.6187500000000001 , -1.2890625
Mac= AC233FA229DB , TimeStamp= 2021-01-21T15:10:27Z , 0.40625 , -0.90625 , -0.2890625  , -0.4750000000000001 , 0.31375000000000014 , -1.03125
Mac= AC233FA229DB , TimeStamp= 2021-01-21T15:10:28Z , -0.41796875 , -0.87890625 , -0.62890625  , -1.41796875 , 0.62421875 , -1.62890625
Mac= AC233FA229DB , TimeStamp= 2021-01-21T15:10:28Z , -0.41796875 , -0.87890625 , -0.62890625  , -1.134375 , 0.3235937500000001 , -1.303125
Mac= AC233FA229DB , TimeStamp= 2021-01-21T15:10:29Z , 0.02734375 , -0.38671875 , -0.9765625  , -0.97265625 , 0.72265625 , -1.9765625
Mac= AC233FA229DB , TimeStamp= 2021-01-21T15:10:29Z , 0.02734375 , -0.38671875 , -0.9765625  , -0.7781250000000001 , 0.50078125 , -1.58125
Mac= AC233FA229DB , TimeStamp= 2021-01-21T15:10:30Z , -0.05859375 , 0.8671875 , 0.94921875  , -1.05859375 , 0.9734375 , -0.05078125
Mac= AC233FA229DB , TimeStamp= 2021-01-21T15:10:31Z , -0.0390625 , 0.9375 , 0.4765625  , -1.0390625 , 0.9875 , -0.5234375
Mac= AC233FA229DB , TimeStamp= 2021-01-21T15:10:30Z , -0.05859375 , 0.8671875 , 0.94921875  , -0.846875 , 0.9521875 , -0.04062500000000002
Mac= AC233FA229DB , TimeStamp= 2021-01-21T15:10:31Z , -0.0390625 , 0.9375 , 0.4765625  , -0.83125 , 0.9775 , -0.41875000000000007
Mac= AC233FA229DB , TimeStamp= 2021-01-21T15:10:32Z , -0.359375 , 0.9296875 , 0.34765625  , -1.359375 , 0.9859375 , -0.65234375
Mac= AC233FA229DB , TimeStamp= 2021-01-21T15:10:32Z , -0.359375 , 0.9296875 , 0.34765625  , -1.0875 , 0.9746875 , -0.5218750000000001
Mac= AC233FA229DB , TimeStamp= 2021-01-21T15:10:33Z , 0.1875 , 0.9375 , 0.30859375  , -0.8125 , 0.9875 , -0.69140625
Mac= AC233FA229DB , TimeStamp= 2021-01-21T15:10:33Z , 0.1875 , 0.9375 , 0.30859375  , -0.65 , 0.9775 , -0.5531250000000001
Mac= AC233FA229DB , TimeStamp= 2021-01-21T15:10:33Z , -0.2890625 , 0.828125 , -0.109375  , -1.2890625 , 0.965625 , -1.109375
Mac= AC233FA229DB , TimeStamp= 2021-01-21T15:10:33Z , -0.2890625 , 0.828125 , -0.109375  , -1.03125 , 0.9381249999999999 , -0.8875000000000001
Mac= AC233FA229DB , TimeStamp= 2021-01-21T15:10:34Z , 0.41796875 , 0.8984375 , 0.25  , -0.58203125 , 0.9796875 , -0.75
Mac= AC233FA229DB , TimeStamp= 2021-01-21T15:10:34Z , 0.41796875 , 0.8984375 , 0.25  , -0.46562500000000007 , 0.9634375000000001 , -0.6000000000000001
Mac= AC233FA229DB , TimeStamp= 2021-01-21T15:10:35Z , -0.02734375 , 0.90625 , 0.23828125  , -1.02734375 , 0.98125 , -0.76171875
Mac= AC233FA229DB , TimeStamp= 2021-01-21T15:10:35Z , -0.02734375 , 0.90625 , 0.23828125  , -0.821875 , 0.96625 , -0.609375
Mac= AC233FA229DB , TimeStamp= 2021-01-21T15:10:36Z , 0.2265625 , 0.8984375 , 0.08984375  , -0.7734375 , 0.9796875 , -0.91015625
Mac= AC233FA229DB , TimeStamp= 2021-01-21T15:10:36Z , 0.2265625 , 0.8984375 , 0.08984375  , -0.61875 , 0.9634375000000001 , -0.728125
Mac= AC233FA229DB , TimeStamp= 2021-01-21T15:10:37Z , -0.0078125 , 0.859375 , -0.0390625  , -1.0078125 , 0.971875 , -1.0390625
Mac= AC233FA229DB , TimeStamp= 2021-01-21T15:10:37Z , -0.0078125 , 0.859375 , -0.0390625  , -0.80625 , 0.9493750000000001 , -0.83125
Mac= AC233FA229DB , TimeStamp= 2021-01-21T15:10:38Z , 0.296875 , 0.8671875 , 0.0390625  , -0.703125 , 0.9734375 , -0.9609375
Mac= AC233FA229DB , TimeStamp= 2021-01-21T15:10:38Z , 0.296875 , 0.8671875 , 0.0390625  , -0.5625 , 0.9521875 , -0.76875
Mac= AC233FA229DB , TimeStamp= 2021-01-21T15:10:39Z , -0.0078125 , 0.87890625 , -0.0078125  , -1.0078125 , 0.97578125 , -1.0078125
Mac= AC233FA229DB , TimeStamp= 2021-01-21T15:10:39Z , -0.0078125 , 0.87890625 , -0.0078125  , -0.80625 , 0.9564062500000001 , -0.80625
Mac= AC233FA229DB , TimeStamp= 2021-01-21T15:10:40Z , 0.2890625 , 0.9375 , 0.16796875  , -0.7109375 , 0.9875 , -0.83203125
Mac= AC233FA229DB , TimeStamp= 2021-01-21T15:10:41Z , 0.34765625 , 0.65625 , -0.09765625  , -0.65234375 , 0.93125 , -1.09765625
Mac= AC233FA229DB , TimeStamp= 2021-01-21T15:10:40Z , 0.2890625 , 0.9375 , 0.16796875  , -0.5687500000000001 , 0.9775 , -0.665625
Mac= AC233FA229DB , TimeStamp= 2021-01-21T15:10:41Z , 0.34765625 , 0.65625 , -0.09765625  , -0.5218750000000001 , 0.8762500000000001 , -0.878125
Mac= AC233FA229DB , TimeStamp= 2021-01-21T15:10:42Z , 0.41796875 , -0.02734375 , 0.328125  , -0.58203125 , 0.79453125 , -0.671875
Mac= AC233FA229DB , TimeStamp= 2021-01-21T15:10:42Z , 0.41796875 , -0.02734375 , 0.328125  , -0.46562500000000007 , 0.6301562500000001 , -0.5375000000000001
Mac= AC233FA229DB , TimeStamp= 2021-01-21T15:10:43Z , 0.0 , 0.0 , 0.9765625  , -1.0 , 0.8 , -0.0234375
Mac= AC233FA229DB , TimeStamp= 2021-01-21T15:10:43Z , 0.0 , 0.0 , 0.9765625  , -0.8 , 0.6400000000000001 , -0.018750000000000044
Mac= AC233FA229DB , TimeStamp= 2021-01-21T15:10:43Z , 0.0078125 , 0.0 , 0.9765625  , -0.9921875 , 0.8 , -0.0234375
Mac= AC233FA229DB , TimeStamp= 2021-01-21T15:10:43Z , 0.0078125 , 0.0 , 0.9765625  , -0.7937500000000001 , 0.6400000000000001 , -0.018750000000000044
Mac= AC233FA229DB , TimeStamp= 2021-01-21T15:10:44Z , 0.0 , 0.0 , 0.98828125  , -1.0 , 0.8 , -0.01171875
Mac= AC233FA229DB , TimeStamp= 2021-01-21T15:10:44Z , 0.0 , 0.0 , 0.98828125  , -0.8 , 0.6400000000000001 , -0.009375000000000022
Mac= AC233FA229DB , TimeStamp= 2021-01-21T15:10:45Z , 0.0078125 , 0.0 , 0.9765625  , -0.9921875 , 0.8 , -0.0234375
Mac= AC233FA229DB , TimeStamp= 2021-01-21T15:10:45Z , 0.0078125 , 0.0 , 0.9765625  , -0.7937500000000001 , 0.6400000000000001 , -0.018750000000000044
Mac= AC233FA229DB , TimeStamp= 2021-01-21T15:10:46Z , 0.0 , 0.0 , 0.98828125  , -1.0 , 0.8 , -0.01171875
Mac= AC233FA229DB , TimeStamp= 2021-01-21T15:10:46Z , 0.0 , 0.0 , 0.98828125  , -0.8 , 0.6400000000000001 , -0.009375000000000022
Mac= AC233FA229DB , TimeStamp= 2021-01-21T15:10:47Z , 0.0 , 0.0 , 0.9765625  , -1.0 , 0.8 , -0.0234375
Mac= AC233FA229DB , TimeStamp= 2021-01-21T15:10:47Z , 0.0 , 0.0 , 0.9765625  , -0.8 , 0.6400000000000001 , -0.018750000000000044
Mac= AC233FA229DB , TimeStamp= 2021-01-21T15:10:48Z , 0.0 , 0.0 , 0.9765625  , -1.0 , 0.8 , -0.0234375
Mac= AC233FA229DB , TimeStamp= 2021-01-21T15:10:48Z , 0.0 , 0.0 , 0.9765625  , -0.8 , 0.6400000000000001 , -0.018750000000000044
Mac= AC233FA229DB , TimeStamp= 2021-01-21T15:10:49Z , 0.0 , 0.0 , 0.98828125  , -1.0 , 0.8 , -0.01171875
Mac= AC233FA229DB , TimeStamp= 2021-01-21T15:10:50Z , 0.0 , 0.0 , 0.95703125  , -1.0 , 0.8 , -0.04296875
Mac= AC233FA229DB , TimeStamp= 2021-01-21T15:10:49Z , 0.0 , 0.0 , 0.98828125  , -0.8 , 0.6400000000000001 , -0.009375000000000022
Mac= AC233FA229DB , TimeStamp= 2021-01-21T15:10:50Z , 0.0 , 0.0 , 0.95703125  , -0.8 , 0.6400000000000001 , -0.034375000000000044
Mac= AC233FA229DB , TimeStamp= 2021-01-21T15:10:51Z , 0.0 , 0.0 , 0.98828125  , -1.0 , 0.8 , -0.01171875
Mac= AC233FA229DB , TimeStamp= 2021-01-21T15:10:51Z , 0.0 , 0.0 , 0.98828125  , -0.8 , 0.6400000000000001 , -0.009375000000000022
Mac= AC233FA229DB , TimeStamp= 2021-01-21T15:10:52Z , 0.0078125 , 0.0 , 0.98828125  , -0.9921875 , 0.8 , -0.01171875
Mac= AC233FA229DB , TimeStamp= 2021-01-21T15:10:52Z , 0.0078125 , 0.0 , 0.98828125  , -0.7937500000000001 , 0.6400000000000001 , -0.009375000000000022
Mac= AC233FA229DB , TimeStamp= 2021-01-21T15:10:53Z , 0.0 , 0.0 , 0.98828125  , -1.0 , 0.8 , -0.01171875
Mac= AC233FA229DB , TimeStamp= 2021-01-21T15:10:53Z , 0.0 , 0.0 , 0.98828125  , -0.8 , 0.6400000000000001 , -0.009375000000000022
Mac= AC233FA229DB , TimeStamp= 2021-01-21T15:10:53Z , 0.0 , 0.0 , 0.9765625  , -1.0 , 0.8 , -0.0234375
Mac= AC233FA229DB , TimeStamp= 2021-01-21T15:10:53Z , 0.0 , 0.0 , 0.9765625  , -0.8 , 0.6400000000000001 , -0.018750000000000044
Mac= AC233FA229DB , TimeStamp= 2021-01-21T15:10:54Z , 0.0 , 0.0 , 0.98828125  , -1.0 , 0.8 , -0.01171875
Mac= AC233FA229DB , TimeStamp= 2021-01-21T15:10:54Z , 0.0 , 0.0 , 0.98828125  , -0.8 , 0.6400000000000001 , -0.009375000000000022
Mac= AC233FA229DB , TimeStamp= 2021-01-21T15:10:55Z , 0.81640625 , 0.7578125 , 0.16796875  , -0.18359375 , 0.9515625 , -0.83203125
Mac= AC233FA229DB , TimeStamp= 2021-01-21T15:10:55Z , 0.81640625 , 0.7578125 , 0.16796875  , -0.14687499999999998 , 0.9128124999999999 , -0.665625
Mac= AC233FA229DB , TimeStamp= 2021-01-21T15:10:56Z , -0.5 , 0.80859375 , 0.0390625  , -1.5 , 0.96171875 , -0.9609375
Mac= AC233FA229DB , TimeStamp= 2021-01-21T15:10:56Z , -0.5 , 0.80859375 , 0.0390625  , -1.2000000000000002 , 0.93109375 , -0.76875
Mac= AC233FA229DB , TimeStamp= 2021-01-21T15:10:57Z , 0.109375 , 1.0 , 0.48828125  , -0.890625 , 1.0 , -0.51171875
Mac= AC233FA229DB , TimeStamp= 2021-01-21T15:10:57Z , 0.109375 , 1.0 , 0.48828125  , -0.7125 , 1.0 , -0.40937500000000004
Mac= AC233FA229DB , TimeStamp= 2021-01-21T15:10:58Z , -0.01953125 , -0.75 , 0.69921875  , -1.01953125 , 0.6500000000000001 , -0.30078125
Mac= AC233FA229DB , TimeStamp= 2021-01-21T15:10:58Z , -0.01953125 , -0.75 , 0.69921875  , -0.815625 , 0.37000000000000016 , -0.24062499999999998
Mac= AC233FA229DB , TimeStamp= 2021-01-21T15:10:59Z , -0.328125 , -0.76953125 , 0.0078125  , -1.328125 , 0.6460937500000001 , -0.9921875
Mac= AC233FA229DB , TimeStamp= 2021-01-21T15:11:00Z , 0.12890625 , -0.9296875 , -0.23828125  , -0.87109375 , 0.6140625000000001 , -1.23828125
Mac= AC233FA229DB , TimeStamp= 2021-01-21T15:10:59Z , -0.328125 , -0.76953125 , 0.0078125  , -1.0625 , 0.3629687500000001 , -0.7937500000000001
Mac= AC233FA229DB , TimeStamp= 2021-01-21T15:11:00Z , 0.12890625 , -0.9296875 , -0.23828125  , -0.696875 , 0.3053125000000001 , -0.9906250000000001
Mac= AC233FA229DB , TimeStamp= 2021-01-21T15:11:01Z , 0.19921875 , -0.9296875 , -0.31640625  , -0.80078125 , 0.6140625000000001 , -1.31640625
Mac= AC233FA229DB , TimeStamp= 2021-01-21T15:11:01Z , 0.19921875 , -0.9296875 , -0.31640625  , -0.640625 , 0.3053125000000001 , -1.053125
Mac= AC233FA229DB , TimeStamp= 2021-01-21T15:11:02Z , -0.15625 , -0.8984375 , -0.05859375  , -1.15625 , 0.6203125 , -1.05859375
Mac= AC233FA229DB , TimeStamp= 2021-01-21T15:11:02Z , -0.15625 , -0.8984375 , -0.05859375  , -0.925 , 0.3165625000000001 , -0.846875
Mac= AC233FA229DB , TimeStamp= 2021-01-21T15:11:03Z , -0.15625 , -0.9375 , -0.15625  , -1.15625 , 0.6125 , -1.15625
Mac= AC233FA229DB , TimeStamp= 2021-01-21T15:11:03Z , -0.15625 , -0.9375 , -0.15625  , -0.925 , 0.3025000000000001 , -0.925
Mac= AC233FA229DB , TimeStamp= 2021-01-21T15:11:03Z , -0.0390625 , -0.26953125 , -0.16796875  , -1.0390625 , 0.74609375 , -1.16796875
Mac= AC233FA229DB , TimeStamp= 2021-01-21T15:11:03Z , -0.0390625 , -0.26953125 , -0.16796875  , -0.83125 , 0.54296875 , -0.9343750000000001
